{
  "A \u2014 Baseline": {
    "population_mean": 495.4,
    "population_std": 47.62184372743248
  },
  "B \u2014 Fast drift": {
    "population_mean": 492.4,
    "population_std": 96.77933663752816
  },
  "C \u2014 Boom/bust": {
    "population_mean": 515.4,
    "population_std": 56.49637156490672
  },
  "D \u2014 Combined": {
    "population_mean": 478.6,
    "population_std": 60.32445606882834
  }
}